title,rating,year_of_release,director,actors,runtime,url
All Quiet on the Western Front,8.1,1930,Lewis Milestone,Lew Ayres; Louis Wolheim; John Wray; Arnold Lucy,152,/title/tt0020629/?ref_=adv_li_tt
Der blaue Engel,7.7,1930,Josef von Sternberg,Emil Jannings; Marlene Dietrich; Kurt Gerron; Rosa Valetti,104,/title/tt0020697/?ref_=adv_li_tt
Animal Crackers,7.4,1930,Victor Heerman,Groucho Marx; Harpo Marx; Chico Marx; The Marx Brothers,97,/title/tt0020640/?ref_=adv_li_tt
Hell's Angels,7.3,1930,"Howard Hughes, Edmund Goulding, James Whale",Ben Lyon; James Hall; Jean Harlow; John Darrow,127,/title/tt0020960/?ref_=adv_li_tt
Zemlya,7.2,1930,Aleksandr Dovzhenko,Stepan Shkurat; Semyon Svashenko; Yuliya Solntseva; Yelena Maksimova,75,/title/tt0021571/?ref_=adv_li_tt
City Lights,8.5,1931,Charles Chaplin,Charles Chaplin; Virginia Cherrill; Florence Lee; Harry Myers,87,/title/tt0021749/?ref_=adv_li_tt
M - Eine Stadt sucht einen Mörder,8.3,1931,Fritz Lang,Peter Lorre; Ellen Widmann; Inge Landgut; Otto Wernicke,117,/title/tt0022100/?ref_=adv_li_tt
Frankenstein,7.8,1931,James Whale,Colin Clive; Mae Clarke; Boris Karloff; John Boles,70,/title/tt0021884/?ref_=adv_li_tt
The Public Enemy,7.6,1931,William A. Wellman,James Cagney; Jean Harlow; Edward Woods; Joan Blondell,83,/title/tt0022286/?ref_=adv_li_tt
Dr. Jekyll and Mr. Hyde,7.6,1931,Rouben Mamoulian,Fredric March; Miriam Hopkins; Rose Hobart; Holmes Herbert,98,/title/tt0022835/?ref_=adv_li_tt
Ik ben een vluchteling,8.2,1932,Mervyn LeRoy,Paul Muni; Glenda Farrell; Helen Vinson; Noel Francis,92,/title/tt0023042/?ref_=adv_li_tt
Trouble in Paradise (De firma Adam & Eva),8.0,1932,Ernst Lubitsch,Miriam Hopkins; Kay Francis; Herbert Marshall; Charles Ruggles,83,/title/tt0023622/?ref_=adv_li_tt
Otona no miru ehon - Umarete wa mita keredo,7.9,1932,Yasujirô Ozu,Tatsuo Saitô; Tomio Aoki; Mitsuko Yoshikawa; Hideo Sugawara,100,/title/tt0023634/?ref_=adv_li_tt
Freaks,7.8,1932,Tod Browning,Wallace Ford; Leila Hyams; Olga Baclanova; Roscoe Ates,64,/title/tt0022913/?ref_=adv_li_tt
Scarface,7.7,1932,"Howard Hawks, Richard Rosson",Paul Muni; Ann Dvorak; Karen Morley; Osgood Perkins,93,/title/tt0023427/?ref_=adv_li_tt
King Kong,7.9,1933,"Merian C. Cooper, Ernest B. Schoedsack",Fay Wray; Robert Armstrong; Bruce Cabot; Frank Reicher,100,/title/tt0024216/?ref_=adv_li_tt
Das Testament des Dr. Mabuse,7.9,1933,Fritz Lang,Rudolf Klein-Rogge; Otto Wernicke; Thomy Bourdelle; Gustav Diessl,122,/title/tt0023563/?ref_=adv_li_tt
De dictator,7.8,1933,Leo McCarey,Groucho Marx; Harpo Marx; Chico Marx; Zeppo Marx,69,/title/tt0023969/?ref_=adv_li_tt
Gold Diggers of 1933,7.7,1933,Mervyn LeRoy,Warren William; Joan Blondell; Aline MacMahon; Ruby Keeler,97,/title/tt0024069/?ref_=adv_li_tt
De onzichtbare man,7.6,1933,James Whale,Claude Rains; Gloria Stuart; William Harrigan; Henry Travers,71,/title/tt0024184/?ref_=adv_li_tt
Het gebeurde op 'n avond,8.1,1934,Frank Capra,Clark Gable; Claudette Colbert; Walter Connolly; Roscoe Karns,105,/title/tt0025316/?ref_=adv_li_tt
The Thin Man,7.9,1934,W.S. Van Dyke,William Powell; Myrna Loy; Maureen O'Sullivan; Nat Pendleton,91,/title/tt0025878/?ref_=adv_li_tt
L'Atalante,7.8,1934,Jean Vigo,Dita Parlo; Jean Dasté; Gilles Margaritis; Louis Lefebvre,89,/title/tt0024844/?ref_=adv_li_tt
Tsarina van Rusland,7.5,1934,Josef von Sternberg,Marlene Dietrich; John Lodge; Sam Jaffe; Louise Dresser,104,/title/tt0025746/?ref_=adv_li_tt
The Gay Divorcee,7.4,1934,Mark Sandrich,Fred Astaire; Ginger Rogers; Alice Brady; Edward Everett Horton,107,/title/tt0025164/?ref_=adv_li_tt
Bride of Frankenstein,7.8,1935,James Whale,Boris Karloff; Elsa Lanchester; Colin Clive; Valerie Hobson,75,/title/tt0026138/?ref_=adv_li_tt
A Tale of Two Cities,7.8,1935,"Jack Conway, Robert Z. Leonard",Ronald Colman; Elizabeth Allan; Edna May Oliver; Reginald Owen,128,/title/tt0027075/?ref_=adv_li_tt
A Night at the Opera,7.8,1935,"Sam Wood, Edmund Goulding",Groucho Marx; Chico Marx; Harpo Marx; Kitty Carlisle,96,/title/tt0026778/?ref_=adv_li_tt
Kapitein Blood,7.7,1935,Michael Curtiz,Errol Flynn; Olivia de Havilland; Lionel Atwill; Basil Rathbone,119,/title/tt0026174/?ref_=adv_li_tt
Mutiny on the Bounty,7.7,1935,Frank Lloyd,Charles Laughton; Clark Gable; Franchot Tone; Herbert Mundin,132,/title/tt0026752/?ref_=adv_li_tt
Modern Times,8.5,1936,Charles Chaplin,Charles Chaplin; Paulette Goddard; Henry Bergman; Tiny Sandford,87,/title/tt0027977/?ref_=adv_li_tt
My Man Godfrey,8.0,1936,Gregory La Cava,William Powell; Carole Lombard; Alice Brady; Gail Patrick,94,/title/tt0028010/?ref_=adv_li_tt
Furie,7.9,1936,Fritz Lang,Sylvia Sidney; Spencer Tracy; Walter Abel; Bruce Cabot,92,/title/tt0027652/?ref_=adv_li_tt
"Nee, mevrouw, dat nooit!",7.8,1936,Jack Conway,Jean Harlow; William Powell; Myrna Loy; Spencer Tracy,98,/title/tt0027884/?ref_=adv_li_tt
Dodsworth,7.8,1936,William Wyler,Walter Huston; Ruth Chatterton; Paul Lukas; Mary Astor,101,/title/tt0027532/?ref_=adv_li_tt
Make Way for Tomorrow,8.2,1937,Leo McCarey,Victor Moore; Beulah Bondi; Fay Bainter; Thomas Mitchell,91,/title/tt0029192/?ref_=adv_li_tt
La Grande Illusion,8.1,1937,Jean Renoir,Jean Gabin; Dita Parlo; Pierre Fresnay; Erich von Stroheim,113,/title/tt0028950/?ref_=adv_li_tt
De stormduivels,8.0,1937,Victor Fleming,Spencer Tracy; Freddie Bartholomew; Lionel Barrymore; Melvyn Douglas,117,/title/tt0028691/?ref_=adv_li_tt
Pépé le Moko,7.7,1937,Julien Duvivier,Jean Gabin; Gabriel Gabrio; Saturnin Fabre; Fernand Charpin,94,/title/tt0029453/?ref_=adv_li_tt
Stage Door,7.7,1937,Gregory La Cava,Katharine Hepburn; Ginger Rogers; Adolphe Menjou; Gail Patrick,92,/title/tt0029604/?ref_=adv_li_tt
The Adventures of Robin Hood,7.9,1938,"Michael Curtiz, William Keighley",Errol Flynn; Olivia de Havilland; Basil Rathbone; Claude Rains,102,/title/tt0029843/?ref_=adv_li_tt
Engelen met smerige gezichten,7.9,1938,Michael Curtiz,James Cagney; Pat O'Brien; Humphrey Bogart; Ann Sheridan,97,/title/tt0029870/?ref_=adv_li_tt
Bringing Up Baby,7.8,1938,Howard Hawks,Katharine Hepburn; Cary Grant; Charles Ruggles; Walter Catlett,102,/title/tt0029947/?ref_=adv_li_tt
You Can't Take It with You,7.8,1938,Frank Capra,Jean Arthur; James Stewart; Lionel Barrymore; Edward Arnold,126,/title/tt0030993/?ref_=adv_li_tt
The Lady Vanishes,7.8,1938,Alfred Hitchcock,Margaret Lockwood; Michael Redgrave; Paul Lukas; May Whitty,96,/title/tt0030341/?ref_=adv_li_tt
Gejaagd door de wind,8.2,1939,"Victor Fleming, George Cukor, Sam Wood",Clark Gable; Vivien Leigh; Thomas Mitchell; Barbara O'Neil,238,/title/tt0031381/?ref_=adv_li_tt
The Wizard of Oz,8.1,1939,"Victor Fleming, George Cukor, Mervyn LeRoy, Norman Taurog, Richard Thorpe, King Vidor",Judy Garland; Frank Morgan; Ray Bolger; Bert Lahr,102,/title/tt0032138/?ref_=adv_li_tt
Mr. Smith Goes to Washington,8.1,1939,Frank Capra,James Stewart; Jean Arthur; Claude Rains; Edward Arnold,129,/title/tt0031679/?ref_=adv_li_tt
Midnight,7.9,1939,Mitchell Leisen,Claudette Colbert; Don Ameche; John Barrymore; Francis Lederer,94,/title/tt0031647/?ref_=adv_li_tt
La règle du jeu,7.9,1939,Jean Renoir,Marcel Dalio; Nora Gregor; Paulette Dubost; Mila Parély,110,/title/tt0031885/?ref_=adv_li_tt
De dictator,8.4,1940,Charles Chaplin,Charles Chaplin; Paulette Goddard; Jack Oakie; Reginald Gardiner,125,/title/tt0032553/?ref_=adv_li_tt
Rebecca,8.1,1940,Alfred Hitchcock,Laurence Olivier; Joan Fontaine; George Sanders; Judith Anderson,130,/title/tt0032976/?ref_=adv_li_tt
The Grapes of Wrath,8.1,1940,John Ford,Henry Fonda; Jane Darwell; John Carradine; Charley Grapewin,129,/title/tt0032551/?ref_=adv_li_tt
The Shop Around the Corner,8.0,1940,Ernst Lubitsch,Margaret Sullavan; James Stewart; Frank Morgan; Joseph Schildkraut,99,/title/tt0033045/?ref_=adv_li_tt
De bronzen godin,7.9,1940,George Cukor,Cary Grant; Katharine Hepburn; James Stewart; Ruth Hussey,112,/title/tt0032904/?ref_=adv_li_tt
Citizen Kane,8.3,1941,Orson Welles,Orson Welles; Joseph Cotten; Dorothy Comingore; Agnes Moorehead,119,/title/tt0033467/?ref_=adv_li_tt
The Maltese Falcon,8.0,1941,John Huston,Humphrey Bogart; Mary Astor; Gladys George; Peter Lorre,100,/title/tt0033870/?ref_=adv_li_tt
The Little Foxes,7.9,1941,William Wyler,Bette Davis; Herbert Marshall; Teresa Wright; Richard Carlson,116,/title/tt0033836/?ref_=adv_li_tt
Sullivan's Travels,7.9,1941,Preston Sturges,Joel McCrea; Veronica Lake; Robert Warwick; William Demarest,90,/title/tt0034240/?ref_=adv_li_tt
The Lady Eve,7.7,1941,Preston Sturges,Barbara Stanwyck; Henry Fonda; Charles Coburn; Eugene Pallette,94,/title/tt0033804/?ref_=adv_li_tt
Casablanca,8.5,1942,Michael Curtiz,Humphrey Bogart; Ingrid Bergman; Paul Henreid; Claude Rains,102,/title/tt0034583/?ref_=adv_li_tt
Spionnage in het spel,8.2,1942,Ernst Lubitsch,Carole Lombard; Jack Benny; Robert Stack; Felix Bressart,99,/title/tt0035446/?ref_=adv_li_tt
The Ox-Bow Incident,8.0,1942,William A. Wellman,Henry Fonda; Dana Andrews; Mary Beth Hughes; Anthony Quinn,75,/title/tt0036244/?ref_=adv_li_tt
"Now, Voyager",7.9,1942,Irving Rapper,Bette Davis; Paul Henreid; Claude Rains; Gladys Cooper,117,/title/tt0035140/?ref_=adv_li_tt
Gevangenen van 't verleden,7.9,1942,Mervyn LeRoy,Ronald Colman; Greer Garson; Philip Dorn; Susan Peters,126,/title/tt0035238/?ref_=adv_li_tt
De dag des oordeels,8.1,1943,Carl Theodor Dreyer,Thorkild Roose; Lisbeth Movin; Sigrid Neiiendam; Kirsten Andreasen,97,/title/tt0036506/?ref_=adv_li_tt
The Life and Death of Colonel Blimp,8.0,1943,"Michael Powell, Emeric Pressburger",Roger Livesey; Deborah Kerr; Anton Walbrook; James McKechnie,163,/title/tt0036112/?ref_=adv_li_tt
Le corbeau,7.8,1943,Henri-Georges Clouzot,Pierre Fresnay; Ginette Leclerc; Micheline Francey; Héléna Manson,92,/title/tt0035753/?ref_=adv_li_tt
Shadow of a Doubt,7.8,1943,Alfred Hitchcock,Teresa Wright; Joseph Cotten; Macdonald Carey; Henry Travers,108,/title/tt0036342/?ref_=adv_li_tt
Hoe meer hoe liever,7.7,1943,George Stevens,Jean Arthur; Joel McCrea; Charles Coburn; Richard Gaines,104,/title/tt0036172/?ref_=adv_li_tt
Bloedgeld,8.3,1944,Billy Wilder,Fred MacMurray; Barbara Stanwyck; Edward G. Robinson; Byron Barr,107,/title/tt0036775/?ref_=adv_li_tt
Arsenicum en oude kant,7.9,1944,Frank Capra,Cary Grant; Priscilla Lane; Raymond Massey; Jack Carson,118,/title/tt0036613/?ref_=adv_li_tt
Laura,7.9,1944,Otto Preminger,Gene Tierney; Dana Andrews; Clifton Webb; Vincent Price,88,/title/tt0037008/?ref_=adv_li_tt
Avontuur op Martinique,7.8,1944,Howard Hawks,Humphrey Bogart; Lauren Bacall; Walter Brennan; Dolores Moran,100,/title/tt0037382/?ref_=adv_li_tt
Gaslicht,7.8,1944,George Cukor,Charles Boyer; Ingrid Bergman; Joseph Cotten; May Whitty,114,/title/tt0036855/?ref_=adv_li_tt
Les enfants du paradis,8.3,1945,Marcel Carné,Arletty; Jean-Louis Barrault; Pierre Brasseur; Pierre Renoir,189,/title/tt0037674/?ref_=adv_li_tt
Roma città aperta,8.0,1945,Roberto Rossellini,Anna Magnani; Aldo Fabrizi; Marcello Pagliero; Vito Annichiarico,103,/title/tt0038890/?ref_=adv_li_tt
Brief Encounter,8.0,1945,David Lean,Celia Johnson; Trevor Howard; Stanley Holloway; Joyce Carey,86,/title/tt0037558/?ref_=adv_li_tt
Er groeit een boom in Brooklyn,8.0,1945,Elia Kazan,Dorothy McGuire; Joan Blondell; James Dunn; Lloyd Nolan,129,/title/tt0038190/?ref_=adv_li_tt
Mildred Pierce,7.9,1945,Michael Curtiz,Joan Crawford; Jack Carson; Zachary Scott; Eve Arden,111,/title/tt0037913/?ref_=adv_li_tt
It's a Wonderful Life,8.6,1946,Frank Capra,James Stewart; Donna Reed; Lionel Barrymore; Thomas Mitchell,130,/title/tt0038650/?ref_=adv_li_tt
De beste jaren van ons leven,8.1,1946,William Wyler,Myrna Loy; Dana Andrews; Fredric March; Teresa Wright,170,/title/tt0036868/?ref_=adv_li_tt
De schoenpoetsertjes,8.0,1946,Vittorio De Sica,Rinaldo Smordoni; Franco Interlenghi; Annielo Mele; Bruno Ortensi,87,/title/tt0038913/?ref_=adv_li_tt
Een Zaak van Leven en Dood,8.0,1946,"Michael Powell, Emeric Pressburger",David Niven; Kim Hunter; Robert Coote; Kathleen Byron,104,/title/tt0038733/?ref_=adv_li_tt
The Big Sleep,7.9,1946,Howard Hawks,Humphrey Bogart; Lauren Bacall; John Ridgely; Martha Vickers,114,/title/tt0038355/?ref_=adv_li_tt
Gangsters vergeten niet,8.0,1947,Jacques Tourneur,Robert Mitchum; Jane Greer; Kirk Douglas; Rhonda Fleming,97,/title/tt0039689/?ref_=adv_li_tt
Miracle on 34th Street,7.9,1947,George Seaton,Edmund Gwenn; Maureen O'Hara; John Payne; Gene Lockhart,96,/title/tt0039628/?ref_=adv_li_tt
Mrs. Muir ziet spoken,7.8,1947,Joseph L. Mankiewicz,Gene Tierney; Rex Harrison; George Sanders; Edna Best,104,/title/tt0039420/?ref_=adv_li_tt
Monsieur Verdoux,7.8,1947,Charles Chaplin,Charles Chaplin; Mady Correll; Allison Roddan; Robert Lewis,124,/title/tt0039631/?ref_=adv_li_tt
Quai des Orfèvres,7.7,1947,Henri-Georges Clouzot,Louis Jouvet; Simone Renant; Bernard Blier; Suzy Delair,106,/title/tt0039739/?ref_=adv_li_tt
Ladri di biciclette,8.3,1948,Vittorio De Sica,Lamberto Maggiorani; Enzo Staiola; Lianella Carell; Elena Altieri,89,/title/tt0040522/?ref_=adv_li_tt
The Treasure of the Sierra Madre,8.2,1948,John Huston,Humphrey Bogart; Walter Huston; Tim Holt; Bruce Bennett,126,/title/tt0040897/?ref_=adv_li_tt
The Red Shoes,8.1,1948,"Michael Powell, Emeric Pressburger",Anton Walbrook; Marius Goring; Moira Shearer; Robert Helpmann,135,/title/tt0040725/?ref_=adv_li_tt
Rope,7.9,1948,Alfred Hitchcock,James Stewart; John Dall; Farley Granger; Dick Hogan,80,/title/tt0040746/?ref_=adv_li_tt
I Remember Mama,7.9,1948,George Stevens,Irene Dunne; Barbara Bel Geddes; Oskar Homolka; Philip Dorn,134,/title/tt0040458/?ref_=adv_li_tt
Banshun,8.2,1949,Yasujirô Ozu,Chishû Ryû; Setsuko Hara; Yumeji Tsukioka; Haruko Sugimura,108,/title/tt0041154/?ref_=adv_li_tt
De erfgename,8.1,1949,William Wyler,Olivia de Havilland; Montgomery Clift; Ralph Richardson; Miriam Hopkins,115,/title/tt0041452/?ref_=adv_li_tt
White Heat,8.1,1949,Raoul Walsh,James Cagney; Virginia Mayo; Edmond O'Brien; Margaret Wycherly,114,/title/tt0042041/?ref_=adv_li_tt
The Third Man,8.1,1949,Carol Reed,Orson Welles; Joseph Cotten; Alida Valli; Trevor Howard,104,/title/tt0041959/?ref_=adv_li_tt
Kind Hearts and Coronets,8.0,1949,Robert Hamer,Dennis Price; Alec Guinness; Valerie Hobson; Joan Greenwood,106,/title/tt0041546/?ref_=adv_li_tt
Sunset Boulevard,8.4,1950,Billy Wilder,William Holden; Gloria Swanson; Erich von Stroheim; Nancy Olson,110,/title/tt0043014/?ref_=adv_li_tt
Los olvidados,8.3,1950,Luis Buñuel,Alfonso Mejía; Roberto Cobo; Estela Inda; Miguel Inclán,85,/title/tt0042804/?ref_=adv_li_tt
All About Eve,8.2,1950,Joseph L. Mankiewicz,Bette Davis; Anne Baxter; George Sanders; Celeste Holm,138,/title/tt0042192/?ref_=adv_li_tt
Rashomon,8.2,1950,Akira Kurosawa,Toshirô Mifune; Machiko Kyô; Masayuki Mori; Takashi Shimura,88,/title/tt0042876/?ref_=adv_li_tt
Orphée,7.9,1950,Jean Cocteau,Jean Marais; François Périer; María Casares; Marie Déa,112,/title/tt0041719/?ref_=adv_li_tt
The Browning Version,8.1,1951,Anthony Asquith,Michael Redgrave; Jean Kent; Nigel Patrick; Wilfrid Hyde-White,90,/title/tt0043362/?ref_=adv_li_tt
Scrooge,8.1,1951,Brian Desmond Hurst,Alastair Sim; Jack Warner; Kathleen Harrison; Mervyn Johns,86,/title/tt0044008/?ref_=adv_li_tt
Early Summer,8.1,1951,Yasujirô Ozu,Setsuko Hara; Chishû Ryû; Chikage Awashima; Kuniko Miyake,125,/title/tt0043313/?ref_=adv_li_tt
Het grote carnaval,8.1,1951,Billy Wilder,Kirk Douglas; Jan Sterling; Robert Arthur; Porter Hall,111,/title/tt0043338/?ref_=adv_li_tt
A Streetcar Named Desire,7.9,1951,Elia Kazan,Vivien Leigh; Marlon Brando; Kim Hunter; Karl Malden,122,/title/tt0044081/?ref_=adv_li_tt
Singin' in the Rain,8.3,1952,"Stanley Donen, Gene Kelly",Gene Kelly; Donald O'Connor; Debbie Reynolds; Jean Hagen,103,/title/tt0045152/?ref_=adv_li_tt
Ikiru,8.3,1952,Akira Kurosawa,Takashi Shimura; Nobuo Kaneko; Shin'ichi Himori; Haruo Tanaka,143,/title/tt0044741/?ref_=adv_li_tt
Umberto D.,8.2,1952,Vittorio De Sica,Carlo Battisti; Maria Pia Casilio; Lina Gennari; Ileana Simova,89,/title/tt0045274/?ref_=adv_li_tt
Saikaku ichidai onna,8.1,1952,Kenji Mizoguchi,Kinuyo Tanaka; Tsukie Matsuura; Ichirô Sugai; Toshirô Mifune,148,/title/tt0045112/?ref_=adv_li_tt
Klokslag 12,8.0,1952,Fred Zinnemann,Gary Cooper; Grace Kelly; Thomas Mitchell; Lloyd Bridges,85,/title/tt0044706/?ref_=adv_li_tt
Tokyo Story,8.2,1953,Yasujirô Ozu,Chishû Ryû; Chieko Higashiyama; Sô Yamamura; Setsuko Hara,136,/title/tt0046438/?ref_=adv_li_tt
Ugetsu monogatari,8.2,1953,Kenji Mizoguchi,Masayuki Mori; Machiko Kyô; Kinuyo Tanaka; Mitsuko Mito,96,/title/tt0046478/?ref_=adv_li_tt
Het loon van de Angst,8.2,1953,Henri-Georges Clouzot,Yves Montand; Charles Vanel; Peter van Eyck; Folco Lulli,131,/title/tt0046268/?ref_=adv_li_tt
Stalag 17,8.0,1953,Billy Wilder,William Holden; Don Taylor; Otto Preminger; Robert Strauss,120,/title/tt0046359/?ref_=adv_li_tt
Roman Holiday,8.0,1953,William Wyler,Gregory Peck; Audrey Hepburn; Eddie Albert; Hartley Power,118,/title/tt0046250/?ref_=adv_li_tt
Shichinin no samurai,8.6,1954,Akira Kurosawa,Toshirô Mifune; Takashi Shimura; Keiko Tsushima; Yukiko Shimazaki,207,/title/tt0047478/?ref_=adv_li_tt
Rear Window,8.5,1954,Alfred Hitchcock,James Stewart; Grace Kelly; Wendell Corey; Thelma Ritter,112,/title/tt0047396/?ref_=adv_li_tt
Sanshô dayû,8.4,1954,Kenji Mizoguchi,Kinuyo Tanaka; Yoshiaki Hanayagi; Kyôko Kagawa; Eitarô Shindô,124,/title/tt0047445/?ref_=adv_li_tt
Dial M for Murder,8.2,1954,Alfred Hitchcock,Ray Milland; Grace Kelly; Robert Cummings; John Williams,105,/title/tt0046912/?ref_=adv_li_tt
On the Waterfront,8.1,1954,Elia Kazan,Marlon Brando; Karl Malden; Lee J. Cobb; Rod Steiger,108,/title/tt0047296/?ref_=adv_li_tt
Ordet,8.3,1955,Carl Theodor Dreyer,Henrik Malberg; Emil Hass Christensen; Preben Lerdorff Rye; Hanne Aagesen,126,/title/tt0048452/?ref_=adv_li_tt
Pather Panchali,8.3,1955,Satyajit Ray,Kanu Bannerjee; Karuna Bannerjee; Subir Banerjee; Chunibala Devi,125,/title/tt0048473/?ref_=adv_li_tt
Demonen,8.1,1955,Henri-Georges Clouzot,Simone Signoret; Véra Clouzot; Paul Meurisse; Charles Vanel,117,/title/tt0046911/?ref_=adv_li_tt
Du rififi chez les hommes,8.1,1955,Jules Dassin,Jean Servais; Carl Möhner; Robert Manuel; Janine Darcey,118,/title/tt0048021/?ref_=adv_li_tt
The Night of the Hunter,8.0,1955,Charles Laughton,Robert Mitchum; Shelley Winters; Lillian Gish; James Gleason,92,/title/tt0048424/?ref_=adv_li_tt
Un condamné à mort s'est échappé ou Le vent souffle où il veut,8.3,1956,Robert Bresson,François Leterrier; Charles Le Clainche; Maurice Beerblock; Roland Monod,101,/title/tt0049902/?ref_=adv_li_tt
Aparajito,8.3,1956,Satyajit Ray,Pinaki Sengupta; Smaran Ghosal; Kamala Adhikari; Rani Bala,110,/title/tt0048956/?ref_=adv_li_tt
Biruma no tategoto,8.0,1956,Kon Ichikawa,Rentarô Mikuni; Shôji Yasui; Tatsuya Mihashi; Jun Hamamura,116,/title/tt0049012/?ref_=adv_li_tt
The Killing,8.0,1956,Stanley Kubrick,Sterling Hayden; Coleen Gray; Vince Edwards; Jay C. Flippen,84,/title/tt0049406/?ref_=adv_li_tt
The Searchers,7.9,1956,John Ford,John Wayne; Jeffrey Hunter; Vera Miles; Ward Bond,119,/title/tt0049730/?ref_=adv_li_tt
Maya Bazaar,9.1,1957,Kadiri Venkata Reddy,N.T. Rama Rao; S.V. Ranga Rao; Savitri; Gemini Ganesan,192,/title/tt0249795/?ref_=adv_li_tt
Maya Bazaar,9.1,1957,Kadiri Venkata Reddy,N.T. Rama Rao; S.V. Ranga Rao; Savitri; Gemini Ganesan,192,/title/tt0249795/?ref_=adv_li_tt
Maya Bazaar,9.1,1957,Kadiri Venkata Reddy,N.T. Rama Rao; S.V. Ranga Rao; Savitri; Gemini Ganesan,192,/title/tt0249795/?ref_=adv_li_tt
Maya Bazaar,9.1,1957,Kadiri Venkata Reddy,N.T. Rama Rao; S.V. Ranga Rao; Savitri; Gemini Ganesan,192,/title/tt0249795/?ref_=adv_li_tt
Maya Bazaar,9.1,1957,Kadiri Venkata Reddy,N.T. Rama Rao; S.V. Ranga Rao; Savitri; Gemini Ganesan,192,/title/tt0249795/?ref_=adv_li_tt
Vertigo,8.3,1958,Alfred Hitchcock,James Stewart; Kim Novak; Barbara Bel Geddes; Tom Helmore,128,/title/tt0052357/?ref_=adv_li_tt
Kakushi-toride no san-akunin,8.1,1958,Akira Kurosawa,Toshirô Mifune; Misa Uehara; Minoru Chiaki; Kamatari Fujiwara,139,/title/tt0051808/?ref_=adv_li_tt
Touch of Evil,8.0,1958,Orson Welles,Charlton Heston; Orson Welles; Janet Leigh; Joseph Calleia,95,/title/tt0052311/?ref_=adv_li_tt
A Night to Remember,7.9,1958,Roy Ward Baker,Kenneth More; Ronald Allen; Robert Ayres; Honor Blackman,123,/title/tt0051994/?ref_=adv_li_tt
Jalsaghar,7.9,1958,Satyajit Ray,Chhabi Biswas; Gangapada Basu; Padmadevi; Kali Sarkar,100,/title/tt0051792/?ref_=adv_li_tt
Apur Sansar,8.5,1959,Satyajit Ray,Soumitra Chatterjee; Sharmila Tagore; Alok Chakravarty; Swapan Mukherjee,105,/title/tt0052572/?ref_=adv_li_tt
North by Northwest,8.3,1959,Alfred Hitchcock,Cary Grant; Eva Marie Saint; James Mason; Jessie Royce Landis,136,/title/tt0053125/?ref_=adv_li_tt
Ballada o soldate,8.2,1959,Grigoriy Chukhray,Vladimir Ivashov; Zhanna Prokhorenko; Antonina Maksimova; Nikolay Kryuchkov,88,/title/tt0052600/?ref_=adv_li_tt
Some Like It Hot,8.2,1959,Billy Wilder,Marilyn Monroe; Tony Curtis; Jack Lemmon; George Raft,121,/title/tt0053291/?ref_=adv_li_tt
Ben Hur,8.1,1959,William Wyler,Charlton Heston; Jack Hawkins; Stephen Boyd; Haya Harareet,212,/title/tt0052618/?ref_=adv_li_tt
Le trou,8.5,1960,Jacques Becker,André Bervil; Jean Keraudy; Michel Constantin; Philippe Leroy,131,/title/tt0054407/?ref_=adv_li_tt
Psycho,8.5,1960,Alfred Hitchcock,Anthony Perkins; Janet Leigh; Vera Miles; John Gavin,109,/title/tt0054215/?ref_=adv_li_tt
Het appartement,8.3,1960,Billy Wilder,Jack Lemmon; Shirley MacLaine; Fred MacMurray; Ray Walston,125,/title/tt0053604/?ref_=adv_li_tt
Rocco e i suoi fratelli,8.2,1960,Luchino Visconti,Alain Delon; Renato Salvatori; Annie Girardot; Claudia Cardinale,179,/title/tt0054248/?ref_=adv_li_tt
Mughal-E-Azam,8.1,1960,K. Asif,Prithviraj Kapoor; Madhubala; Dilip Kumar; Durga Khote,197,/title/tt0054098/?ref_=adv_li_tt
Ningen no jôken,8.8,1961,Masaki Kobayashi,Tatsuya Nakadai; Michiyo Aratama; Tamao Nakamura; Yûsuke Kawazu,190,/title/tt0055233/?ref_=adv_li_tt
Ningen no jôken,8.8,1961,Masaki Kobayashi,Tatsuya Nakadai; Michiyo Aratama; Tamao Nakamura; Yûsuke Kawazu,190,/title/tt0055233/?ref_=adv_li_tt
Ningen no jôken,8.8,1961,Masaki Kobayashi,Tatsuya Nakadai; Michiyo Aratama; Tamao Nakamura; Yûsuke Kawazu,190,/title/tt0055233/?ref_=adv_li_tt
Ningen no jôken,8.8,1961,Masaki Kobayashi,Tatsuya Nakadai; Michiyo Aratama; Tamao Nakamura; Yûsuke Kawazu,190,/title/tt0055233/?ref_=adv_li_tt
Ningen no jôken,8.8,1961,Masaki Kobayashi,Tatsuya Nakadai; Michiyo Aratama; Tamao Nakamura; Yûsuke Kawazu,190,/title/tt0055233/?ref_=adv_li_tt
Seppuku,8.6,1962,Masaki Kobayashi,Tatsuya Nakadai; Akira Ishihama; Shima Iwashita; Tetsurô Tanba,133,/title/tt0056058/?ref_=adv_li_tt
Lawrence of Arabia,8.3,1962,David Lean,Peter O'Toole; Alec Guinness; Anthony Quinn; Jack Hawkins,218,/title/tt0056172/?ref_=adv_li_tt
To Kill a Mockingbird,8.3,1962,Robert Mulligan,Gregory Peck; John Megna; Frank Overton; Rosemary Murphy,129,/title/tt0056592/?ref_=adv_li_tt
Il sorpasso,8.2,1962,Dino Risi,Vittorio Gassman; Catherine Spaak; Jean-Louis Trintignant; Claudio Gora,105,/title/tt0056512/?ref_=adv_li_tt
The Man Who Shot Liberty Valance,8.1,1962,John Ford,James Stewart; John Wayne; Vera Miles; Lee Marvin,123,/title/tt0056217/?ref_=adv_li_tt
High and Low,8.4,1963,Akira Kurosawa,Toshirô Mifune; Yutaka Sada; Tatsuya Nakadai; Kyôko Kagawa,143,/title/tt0057565/?ref_=adv_li_tt
The Great Escape,8.2,1963,John Sturges,Steve McQueen; James Garner; Richard Attenborough; Charles Bronson,172,/title/tt0057115/?ref_=adv_li_tt
8½,8.0,1963,Federico Fellini,Marcello Mastroianni; Anouk Aimée; Claudia Cardinale; Sandra Milo,138,/title/tt0056801/?ref_=adv_li_tt
El verdugo,8.0,1963,Luis García Berlanga,Nino Manfredi; Emma Penella; José Isbert; José Luis López Vázquez,87,/title/tt0057643/?ref_=adv_li_tt
Nattvardsgästerna,8.0,1963,Ingmar Bergman,Ingrid Thulin; Gunnar Björnstrand; Gunnel Lindblom; Max von Sydow,81,/title/tt0057358/?ref_=adv_li_tt
De vrouw in het zand,8.5,1964,Hiroshi Teshigahara,Eiji Okada; Kyôko Kishida; Hiroko Itô; Kôji Mitsui,147,/title/tt0058625/?ref_=adv_li_tt
Dr. Strangelove or: How I Learned to Stop Worrying and Love the Bomb,8.4,1964,Stanley Kubrick,Peter Sellers; George C. Scott; Sterling Hayden; Keenan Wynn,95,/title/tt0057012/?ref_=adv_li_tt
Soy Cuba,8.2,1964,Mikhail Kalatozov,Sergio Corrieri; Salvador Wood; José Gallardo; Raúl García,141,/title/tt0058604/?ref_=adv_li_tt
Charulata,8.1,1964,Satyajit Ray,Soumitra Chatterjee; Madhavi Mukherjee; Shailen Mukherjee; Shyamal Ghoshal,117,/title/tt0057935/?ref_=adv_li_tt
Fail Safe,8.0,1964,Sidney Lumet,Henry Fonda; Walter Matthau; Fritz Weaver; Dan O'Herlihy,112,/title/tt0058083/?ref_=adv_li_tt
Operatsiya 'Y' i drugie priklyucheniya Shurika,8.5,1965,Leonid Gaidai,Aleksandr Demyanenko; Mikhail Pugovkin; Aleksei Smirnov; Vladimir Basov,95,/title/tt0059550/?ref_=adv_li_tt
Guide,8.4,1965,Vijay Anand,Dev Anand; Waheeda Rehman; Leela Chitnis; Anwar Hussain,183,/title/tt0059246/?ref_=adv_li_tt
Oorlog en Vrede,8.3,1965,Sergey Bondarchuk,Lyudmila Saveleva; Vyacheslav Tikhonov; Sergey Bondarchuk; Boris Zakhava,453,/title/tt0063794/?ref_=adv_li_tt
Akahige,8.3,1965,Akira Kurosawa,Toshirô Mifune; Yûzô Kayama; Tsutomu Yamazaki; Reiko Dan,185,/title/tt0058888/?ref_=adv_li_tt
Het winkeltje aan 't Corso,8.2,1965,"Ján Kadár, Elmar Klos",Ida Kaminska; Jozef Kroner; Frantisek Zvarík; Hana Slivková,128,/title/tt0059527/?ref_=adv_li_tt
"The Good, the Bad and the Ugly",8.8,1966,Sergio Leone,Clint Eastwood; Eli Wallach; Lee Van Cleef; Aldo Giuffrè,161,/title/tt0060196/?ref_=adv_li_tt
"The Good, the Bad and the Ugly",8.8,1966,Sergio Leone,Clint Eastwood; Eli Wallach; Lee Van Cleef; Aldo Giuffrè,161,/title/tt0060196/?ref_=adv_li_tt
"The Good, the Bad and the Ugly",8.8,1966,Sergio Leone,Clint Eastwood; Eli Wallach; Lee Van Cleef; Aldo Giuffrè,161,/title/tt0060196/?ref_=adv_li_tt
"The Good, the Bad and the Ugly",8.8,1966,Sergio Leone,Clint Eastwood; Eli Wallach; Lee Van Cleef; Aldo Giuffrè,161,/title/tt0060196/?ref_=adv_li_tt
"The Good, the Bad and the Ugly",8.8,1966,Sergio Leone,Clint Eastwood; Eli Wallach; Lee Van Cleef; Aldo Giuffrè,161,/title/tt0060196/?ref_=adv_li_tt
Jôi-uchi: Hairyô tsuma shimatsu,8.3,1967,Masaki Kobayashi,Toshirô Mifune; Yôko Tsukasa; Gô Katô; Tatsuyoshi Ehara,128,/title/tt0061847/?ref_=adv_li_tt
"Kavkazskaya plennitsa, ili Novye priklyucheniya Shurika",8.3,1967,Leonid Gaidai,Aleksandr Demyanenko; Natalya Varley; Vladimir Etush; Frunzik Mkrtchyan,82,/title/tt0060584/?ref_=adv_li_tt
Cool Hand Luke,8.1,1967,Stuart Rosenberg,Paul Newman; George Kennedy; Strother Martin; J.D. Cannon,127,/title/tt0061512/?ref_=adv_li_tt
Le Samouraï,8.0,1967,Jean-Pierre Melville,Alain Delon; François Périer; Nathalie Delon; Cathy Rosier,105,/title/tt0062229/?ref_=adv_li_tt
The Graduate,8.0,1967,Mike Nichols,Dustin Hoffman; Anne Bancroft; Katharine Ross; William Daniels,106,/title/tt0061722/?ref_=adv_li_tt
Once Upon a Time in the West,8.5,1968,Sergio Leone,Henry Fonda; Charles Bronson; Claudia Cardinale; Jason Robards,165,/title/tt0064116/?ref_=adv_li_tt
2001: Een zwerftocht in de ruimte,8.3,1968,Stanley Kubrick,Keir Dullea; Gary Lockwood; William Sylvester; Daniel Richter,149,/title/tt0062622/?ref_=adv_li_tt
Padosan,8.1,1968,Jyoti Swaroop,Sunil Dutt; Saira Banu; Mehmood; Kishore Kumar,157,/title/tt0063404/?ref_=adv_li_tt
Apenplaneet,8.0,1968,Franklin J. Schaffner,Charlton Heston; Roddy McDowall; Kim Hunter; Maurice Evans,112,/title/tt0063442/?ref_=adv_li_tt
Skammen,8.0,1968,Ingmar Bergman,Liv Ullmann; Max von Sydow; Sigge Fürst; Gunnar Björnstrand,103,/title/tt0063611/?ref_=adv_li_tt
A tanú,8.7,1969,Péter Bacsó,Ferenc Kállai; Lajos Öze; Béla Both; Zoltán Fábri,105,/title/tt0065067/?ref_=adv_li_tt
Brilliantovaya ruka,8.3,1969,Leonid Gaidai,Yuriy Nikulin; Nina Grebeshkova; Andrey Mironov; Anatoliy Papanov,94,/title/tt0062759/?ref_=adv_li_tt
Z,8.2,1969,Costa-Gavras,Yves Montand; Irene Papas; Jean-Louis Trintignant; François Périer,127,/title/tt0065234/?ref_=adv_li_tt
The Army of Shadows,8.1,1969,Jean-Pierre Melville,Lino Ventura; Paul Meurisse; Jean-Pierre Cassel; Simone Signoret,145,/title/tt0064040/?ref_=adv_li_tt
Spalovac mrtvol,8.0,1969,Juraj Herz,Rudolf Hrusínský; Vlasta Chramostová; Jana Stehnová; Milos Vognic,102,/title/tt0063633/?ref_=adv_li_tt
De dader staat boven verdenking,8.0,1970,Elio Petri,Gian Maria Volontè; Florinda Bolkan; Gianni Santuccio; Orazio Orlando,115,/title/tt0065889/?ref_=adv_li_tt
Mera Naam Joker,7.9,1970,Raj Kapoor,Raj Kapoor; Manoj Kumar; Simi Garewal; Rishi Kapoor,224,/title/tt0066070/?ref_=adv_li_tt
De Rode Cirkel,7.9,1970,Jean-Pierre Melville,Alain Delon; Bourvil; Gian Maria Volontè; Yves Montand,140,/title/tt0065531/?ref_=adv_li_tt
Il conformista,7.9,1970,Bernardo Bertolucci,Jean-Louis Trintignant; Stefania Sandrelli; Gastone Moschin; Enzo Tarascio,113,/title/tt0065571/?ref_=adv_li_tt
Patton,7.9,1970,Franklin J. Schaffner,George C. Scott; Karl Malden; Stephen Young; Michael Strong,172,/title/tt0066206/?ref_=adv_li_tt
De Laatste Kruistocht,8.5,1971,Sergiu Nicolaescu,Amza Pellea; Ion Besoiu; Olga Tudorache; Irina Gardescu,203,/title/tt0066078/?ref_=adv_li_tt
Dzhentlmeny udachi,8.4,1971,Aleksandr Seryy,Evgeniy Leonov; Georgiy Vitsin; Saveliy Kramarov; Radner Muratov,88,/title/tt0068519/?ref_=adv_li_tt
A Clockwork Orange,8.3,1971,Stanley Kubrick,Malcolm McDowell; Patrick Magee; Michael Bates; Warren Clarke,136,/title/tt0066921/?ref_=adv_li_tt
12 stulev,8.2,1971,Leonid Gaidai,Archil Gomiashvili; Sergey Filippov; Mikhail Pugovkin; Glikeriya Bogdanova-Chesnokova,153,/title/tt0065670/?ref_=adv_li_tt
Anand,8.1,1971,Hrishikesh Mukherjee,Rajesh Khanna; Amitabh Bachchan; Sumita Sanyal; Ramesh Deo,122,/title/tt0066763/?ref_=adv_li_tt
The Godfather,9.2,1972,Francis Ford Coppola,Marlon Brando; Al Pacino; James Caan; Diane Keaton,175,/title/tt0068646/?ref_=adv_li_tt
The Godfather,9.2,1972,Francis Ford Coppola,Marlon Brando; Al Pacino; James Caan; Diane Keaton,175,/title/tt0068646/?ref_=adv_li_tt
The Godfather,9.2,1972,Francis Ford Coppola,Marlon Brando; Al Pacino; James Caan; Diane Keaton,175,/title/tt0068646/?ref_=adv_li_tt
The Godfather,9.2,1972,Francis Ford Coppola,Marlon Brando; Al Pacino; James Caan; Diane Keaton,175,/title/tt0068646/?ref_=adv_li_tt
The Godfather,9.2,1972,Francis Ford Coppola,Marlon Brando; Al Pacino; James Caan; Diane Keaton,175,/title/tt0068646/?ref_=adv_li_tt
Canim Kardesim,8.7,1973,Ertem Egilmez,Tarik Akan; Kahraman Kiral; Halit Akçatepe; Metin Akpinar,85,/title/tt0267351/?ref_=adv_li_tt
Canim Kardesim,8.7,1973,Ertem Egilmez,Tarik Akan; Kahraman Kiral; Halit Akçatepe; Metin Akpinar,85,/title/tt0267351/?ref_=adv_li_tt
Canim Kardesim,8.7,1973,Ertem Egilmez,Tarik Akan; Kahraman Kiral; Halit Akçatepe; Metin Akpinar,85,/title/tt0267351/?ref_=adv_li_tt
Canim Kardesim,8.7,1973,Ertem Egilmez,Tarik Akan; Kahraman Kiral; Halit Akçatepe; Metin Akpinar,85,/title/tt0267351/?ref_=adv_li_tt
Canim Kardesim,8.7,1973,Ertem Egilmez,Tarik Akan; Kahraman Kiral; Halit Akçatepe; Metin Akpinar,85,/title/tt0267351/?ref_=adv_li_tt
The Godfather Part II,9.0,1974,Francis Ford Coppola,Al Pacino; Robert De Niro; Robert Duvall; Diane Keaton,202,/title/tt0071562/?ref_=adv_li_tt
The Godfather Part II,9.0,1974,Francis Ford Coppola,Al Pacino; Robert De Niro; Robert Duvall; Diane Keaton,202,/title/tt0071562/?ref_=adv_li_tt
The Godfather Part II,9.0,1974,Francis Ford Coppola,Al Pacino; Robert De Niro; Robert Duvall; Diane Keaton,202,/title/tt0071562/?ref_=adv_li_tt
The Godfather Part II,9.0,1974,Francis Ford Coppola,Al Pacino; Robert De Niro; Robert Duvall; Diane Keaton,202,/title/tt0071562/?ref_=adv_li_tt
The Godfather Part II,9.0,1974,Francis Ford Coppola,Al Pacino; Robert De Niro; Robert Duvall; Diane Keaton,202,/title/tt0071562/?ref_=adv_li_tt
Hababam Sinifi,9.2,1975,Ertem Egilmez,Kemal Sunal; Münir Özkul; Halit Akçatepe; Tarik Akan,87,/title/tt0252487/?ref_=adv_li_tt
Hababam Sinifi,9.2,1975,Ertem Egilmez,Kemal Sunal; Münir Özkul; Halit Akçatepe; Tarik Akan,87,/title/tt0252487/?ref_=adv_li_tt
Hababam Sinifi,9.2,1975,Ertem Egilmez,Kemal Sunal; Münir Özkul; Halit Akçatepe; Tarik Akan,87,/title/tt0252487/?ref_=adv_li_tt
Hababam Sinifi,9.2,1975,Ertem Egilmez,Kemal Sunal; Münir Özkul; Halit Akçatepe; Tarik Akan,87,/title/tt0252487/?ref_=adv_li_tt
Hababam Sinifi,9.2,1975,Ertem Egilmez,Kemal Sunal; Münir Özkul; Halit Akçatepe; Tarik Akan,87,/title/tt0252487/?ref_=adv_li_tt
Tosun Pasa,8.9,1976,Kartal Tibet,Kemal Sunal; Müjde Ar; Adile Nasit; Sener Sen,90,/title/tt0253828/?ref_=adv_li_tt
Al-risâlah,8.9,1976,Moustapha Akkad,Abdallah Gheith; Mona Wassef; Hamdy Gheith; Ali Achmed Taram,207,/title/tt0075143/?ref_=adv_li_tt
Hababam Sinifi Sinifta Kaldi,8.9,1976,Ertem Egilmez,Kemal Sunal; Münir Özkul; Semra Özdamar; Adile Nasit,91,/title/tt0252488/?ref_=adv_li_tt
Tosun Pasa,8.9,1976,Kartal Tibet,Kemal Sunal; Müjde Ar; Adile Nasit; Sener Sen,90,/title/tt0253828/?ref_=adv_li_tt
Tosun Pasa,8.9,1976,Kartal Tibet,Kemal Sunal; Müjde Ar; Adile Nasit; Sener Sen,90,/title/tt0253828/?ref_=adv_li_tt
Hababam Sinifi Uyaniyor,8.8,1977,Ertem Egilmez,Kemal Sunal; Münir Özkul; Halit Akçatepe; Adile Nasit,94,/title/tt0252490/?ref_=adv_li_tt
Hababam Sinifi Uyaniyor,8.8,1977,Ertem Egilmez,Kemal Sunal; Münir Özkul; Halit Akçatepe; Adile Nasit,94,/title/tt0252490/?ref_=adv_li_tt
Hababam Sinifi Uyaniyor,8.8,1977,Ertem Egilmez,Kemal Sunal; Münir Özkul; Halit Akçatepe; Adile Nasit,94,/title/tt0252490/?ref_=adv_li_tt
Hababam Sinifi Uyaniyor,8.8,1977,Ertem Egilmez,Kemal Sunal; Münir Özkul; Halit Akçatepe; Adile Nasit,94,/title/tt0252490/?ref_=adv_li_tt
Hababam Sinifi Uyaniyor,8.8,1977,Ertem Egilmez,Kemal Sunal; Münir Özkul; Halit Akçatepe; Adile Nasit,94,/title/tt0252490/?ref_=adv_li_tt
Kibar Feyzo,8.7,1978,Atif Yilmaz,Kemal Sunal; Müjde Ar; Adile Nasit; Sener Sen,83,/title/tt0252597/?ref_=adv_li_tt
Kibar Feyzo,8.7,1978,Atif Yilmaz,Kemal Sunal; Müjde Ar; Adile Nasit; Sener Sen,83,/title/tt0252597/?ref_=adv_li_tt
Kibar Feyzo,8.7,1978,Atif Yilmaz,Kemal Sunal; Müjde Ar; Adile Nasit; Sener Sen,83,/title/tt0252597/?ref_=adv_li_tt
Neseli Günler,8.7,1978,Orhan Aksoy,Münir Özkul; Adile Nasit; Sener Sen; Aysen Gruda,95,/title/tt0765833/?ref_=adv_li_tt
Kibar Feyzo,8.7,1978,Atif Yilmaz,Kemal Sunal; Müjde Ar; Adile Nasit; Sener Sen,83,/title/tt0252597/?ref_=adv_li_tt
Alien,8.5,1979,Ridley Scott,Sigourney Weaver; Tom Skerritt; John Hurt; Veronica Cartwright,117,/title/tt0078748/?ref_=adv_li_tt
Apocalypse Now,8.5,1979,Francis Ford Coppola,Martin Sheen; Marlon Brando; Robert Duvall; Frederic Forrest,147,/title/tt0078788/?ref_=adv_li_tt
Golmaal,8.5,1979,Hrishikesh Mukherjee,Amol Palekar; Bindiya Goswami; Deven Verma; Shobha Khote,120,/title/tt0079221/?ref_=adv_li_tt
Stalker,8.1,1979,Andrei Tarkovsky,Alisa Freyndlikh; Aleksandr Kaydanovskiy; Anatoliy Solonitsyn; Nikolay Grinko,162,/title/tt0079944/?ref_=adv_li_tt
Korkusuz Korkak,8.1,1979,Natuk Baytan,Kemal Sunal; Aysin Atav; Turgut Özatay; Nejat Gürçen,77,/title/tt0252611/?ref_=adv_li_tt
Ko to tamo peva,8.8,1980,Slobodan Sijan,Pavle Vuisic; Dragan Nikolic; Danilo 'Bata' Stojkovic; Aleksandar Bercek,86,/title/tt0076276/?ref_=adv_li_tt
Ko to tamo peva,8.8,1980,Slobodan Sijan,Pavle Vuisic; Dragan Nikolic; Danilo 'Bata' Stojkovic; Aleksandar Bercek,86,/title/tt0076276/?ref_=adv_li_tt
Ko to tamo peva,8.8,1980,Slobodan Sijan,Pavle Vuisic; Dragan Nikolic; Danilo 'Bata' Stojkovic; Aleksandar Bercek,86,/title/tt0076276/?ref_=adv_li_tt
Ko to tamo peva,8.8,1980,Slobodan Sijan,Pavle Vuisic; Dragan Nikolic; Danilo 'Bata' Stojkovic; Aleksandar Bercek,86,/title/tt0076276/?ref_=adv_li_tt
Ko to tamo peva,8.8,1980,Slobodan Sijan,Pavle Vuisic; Dragan Nikolic; Danilo 'Bata' Stojkovic; Aleksandar Bercek,86,/title/tt0076276/?ref_=adv_li_tt
Das Boot,8.4,1981,Wolfgang Petersen,Jürgen Prochnow; Herbert Grönemeyer; Klaus Wennemann; Hubertus Bengsch,149,/title/tt0082096/?ref_=adv_li_tt
Indiana Jones and the Raiders of the Lost Ark,8.4,1981,Steven Spielberg,Harrison Ford; Karen Allen; Paul Freeman; John Rhys-Davies,115,/title/tt0082971/?ref_=adv_li_tt
Vuk,8.3,1981,Attila Dargay,Judit Pogány; József Gyabronka; Teri Földi; Gyula Szabó,79,/title/tt0131636/?ref_=adv_li_tt
Mis,8.2,1981,Stanislaw Bareja,Stanislaw Tym; Barbara Burska; Christine Paul; Krzysztof Kowalewski,111,/title/tt0082755/?ref_=adv_li_tt
Davaro: Son Eskiya,8.1,1981,Kartal Tibet,Kemal Sunal; Sener Sen; Pembe Mutlu; Adile Nasit,94,/title/tt0252361/?ref_=adv_li_tt
Maratonci trce pocasni krug,8.9,1982,Slobodan Sijan,Bogdan Diklic; Danilo 'Bata' Stojkovic; Pavle Vuisic; Mija Aleksic,92,/title/tt0084302/?ref_=adv_li_tt
Maratonci trce pocasni krug,8.9,1982,Slobodan Sijan,Bogdan Diklic; Danilo 'Bata' Stojkovic; Pavle Vuisic; Mija Aleksic,92,/title/tt0084302/?ref_=adv_li_tt
Maratonci trce pocasni krug,8.9,1982,Slobodan Sijan,Bogdan Diklic; Danilo 'Bata' Stojkovic; Pavle Vuisic; Mija Aleksic,92,/title/tt0084302/?ref_=adv_li_tt
Maratonci trce pocasni krug,8.9,1982,Slobodan Sijan,Bogdan Diklic; Danilo 'Bata' Stojkovic; Pavle Vuisic; Mija Aleksic,92,/title/tt0084302/?ref_=adv_li_tt
Maratonci trce pocasni krug,8.9,1982,Slobodan Sijan,Bogdan Diklic; Danilo 'Bata' Stojkovic; Pavle Vuisic; Mija Aleksic,92,/title/tt0084302/?ref_=adv_li_tt
Jaane Bhi Do Yaaro,8.3,1983,Kundan Shah,Naseeruddin Shah; Ravi Baswani; Bhakti Barve; Satish Shah,132,/title/tt0085743/?ref_=adv_li_tt
Star Wars: Episode VI - Return of the Jedi,8.3,1983,Richard Marquand,Mark Hamill; Harrison Ford; Carrie Fisher; Billy Dee Williams,131,/title/tt0086190/?ref_=adv_li_tt
Scarface,8.3,1983,Brian De Palma,Al Pacino; Michelle Pfeiffer; Steven Bauer; Mary Elizabeth Mastrantonio,170,/title/tt0086250/?ref_=adv_li_tt
Hadashi no Gen,8.0,1983,Mori Masaki,Issei Miyazaki; Catherine Battistone; Yoshie Shimamura; Iona Morris,83,/title/tt0085218/?ref_=adv_li_tt
Nostalghia,8.0,1983,Andrei Tarkovsky,Oleg Yankovskiy; Erland Josephson; Domiziana Giordano; Patrizia Terreno,125,/title/tt0086022/?ref_=adv_li_tt
Balkanski spijun,8.8,1984,"Dusan Kovacevic, Bozidar 'Bota' Nikolic",Danilo 'Bata' Stojkovic; Bora Todorovic; Mira Banjac; Sonja Savic,95,/title/tt0086935/?ref_=adv_li_tt
Balkanski spijun,8.8,1984,"Dusan Kovacevic, Bozidar 'Bota' Nikolic",Danilo 'Bata' Stojkovic; Bora Todorovic; Mira Banjac; Sonja Savic,95,/title/tt0086935/?ref_=adv_li_tt
Balkanski spijun,8.8,1984,"Dusan Kovacevic, Bozidar 'Bota' Nikolic",Danilo 'Bata' Stojkovic; Bora Todorovic; Mira Banjac; Sonja Savic,95,/title/tt0086935/?ref_=adv_li_tt
Balkanski spijun,8.8,1984,"Dusan Kovacevic, Bozidar 'Bota' Nikolic",Danilo 'Bata' Stojkovic; Bora Todorovic; Mira Banjac; Sonja Savic,95,/title/tt0086935/?ref_=adv_li_tt
Balkanski spijun,8.8,1984,"Dusan Kovacevic, Bozidar 'Bota' Nikolic",Danilo 'Bata' Stojkovic; Bora Todorovic; Mira Banjac; Sonja Savic,95,/title/tt0086935/?ref_=adv_li_tt
Zügürt Aga,8.7,1985,Nesli Çölgeçen,Sener Sen; Erdal Özyagcilar; Nilgün Nazli; Füsun Demirel,101,/title/tt0201368/?ref_=adv_li_tt
Zügürt Aga,8.7,1985,Nesli Çölgeçen,Sener Sen; Erdal Özyagcilar; Nilgün Nazli; Füsun Demirel,101,/title/tt0201368/?ref_=adv_li_tt
Zügürt Aga,8.7,1985,Nesli Çölgeçen,Sener Sen; Erdal Özyagcilar; Nilgün Nazli; Füsun Demirel,101,/title/tt0201368/?ref_=adv_li_tt
Zügürt Aga,8.7,1985,Nesli Çölgeçen,Sener Sen; Erdal Özyagcilar; Nilgün Nazli; Füsun Demirel,101,/title/tt0201368/?ref_=adv_li_tt
Zügürt Aga,8.7,1985,Nesli Çölgeçen,Sener Sen; Erdal Özyagcilar; Nilgün Nazli; Füsun Demirel,101,/title/tt0201368/?ref_=adv_li_tt
Aliens,8.4,1986,James Cameron,Sigourney Weaver; Michael Biehn; Carrie Henn; Paul Reiser,137,/title/tt0090605/?ref_=adv_li_tt
Macskafogó,8.3,1986,Béla Ternovszky,Miklós Benedek; Gyula Bodrogi; Ilona Béres; Péter Haumann,96,/title/tt0179955/?ref_=adv_li_tt
Jean de Florette,8.1,1986,Claude Berri,Yves Montand; Gérard Depardieu; Daniel Auteuil; Elisabeth Depardieu,120,/title/tt0091288/?ref_=adv_li_tt
Platoon,8.1,1986,Oliver Stone,Charlie Sheen; Tom Berenger; Willem Dafoe; Keith David,120,/title/tt0091763/?ref_=adv_li_tt
Stand by Me,8.1,1986,Rob Reiner,Wil Wheaton; River Phoenix; Corey Feldman; Jerry O'Connell,89,/title/tt0092005/?ref_=adv_li_tt
Nadodikkattu,8.8,1987,Sathyan Anthikad,Mohanlal; Sreenivasan; Thilakan; Shobana,158,/title/tt0282778/?ref_=adv_li_tt
Nadodikkattu,8.8,1987,Sathyan Anthikad,Mohanlal; Sreenivasan; Thilakan; Shobana,158,/title/tt0282778/?ref_=adv_li_tt
Nadodikkattu,8.8,1987,Sathyan Anthikad,Mohanlal; Sreenivasan; Thilakan; Shobana,158,/title/tt0282778/?ref_=adv_li_tt
Nadodikkattu,8.8,1987,Sathyan Anthikad,Mohanlal; Sreenivasan; Thilakan; Shobana,158,/title/tt0282778/?ref_=adv_li_tt
Nadodikkattu,8.8,1987,Sathyan Anthikad,Mohanlal; Sreenivasan; Thilakan; Shobana,158,/title/tt0282778/?ref_=adv_li_tt
Chithram,8.7,1988,Priyadarshan,Mohanlal; Nedumudi Venu; Renjini; Poornam Vishwanathan,159,/title/tt0214585/?ref_=adv_li_tt
Chithram,8.7,1988,Priyadarshan,Mohanlal; Nedumudi Venu; Renjini; Poornam Vishwanathan,159,/title/tt0214585/?ref_=adv_li_tt
Chithram,8.7,1988,Priyadarshan,Mohanlal; Nedumudi Venu; Renjini; Poornam Vishwanathan,159,/title/tt0214585/?ref_=adv_li_tt
Chithram,8.7,1988,Priyadarshan,Mohanlal; Nedumudi Venu; Renjini; Poornam Vishwanathan,159,/title/tt0214585/?ref_=adv_li_tt
Chithram,8.7,1988,Priyadarshan,Mohanlal; Nedumudi Venu; Renjini; Poornam Vishwanathan,159,/title/tt0214585/?ref_=adv_li_tt
Kireedam,8.9,1989,Sibi Malayil,Mohanlal; Thilakan; Kaviyoor Ponnamma; Parvathi,124,/title/tt0237376/?ref_=adv_li_tt
Kireedam,8.9,1989,Sibi Malayil,Mohanlal; Thilakan; Kaviyoor Ponnamma; Parvathi,124,/title/tt0237376/?ref_=adv_li_tt
Kireedam,8.9,1989,Sibi Malayil,Mohanlal; Thilakan; Kaviyoor Ponnamma; Parvathi,124,/title/tt0237376/?ref_=adv_li_tt
Kireedam,8.9,1989,Sibi Malayil,Mohanlal; Thilakan; Kaviyoor Ponnamma; Parvathi,124,/title/tt0237376/?ref_=adv_li_tt
Kireedam,8.9,1989,Sibi Malayil,Mohanlal; Thilakan; Kaviyoor Ponnamma; Parvathi,124,/title/tt0237376/?ref_=adv_li_tt
Goodfellas,8.7,1990,Martin Scorsese,Robert De Niro; Ray Liotta; Joe Pesci; Lorraine Bracco,145,/title/tt0099685/?ref_=adv_li_tt
Nema-ye Nazdik,8.2,1990,Abbas Kiarostami,Hossain Sabzian; Mohsen Makhmalbaf; Abolfazl Ahankhah; Mehrdad Ahankhah,98,/title/tt0100234/?ref_=adv_li_tt
Hamoun,8.0,1990,Dariush Mehrjui,Pantea Bahram; Ezzatolah Entezami; Bita Farahi; Sedigheh Kianfar,120,/title/tt0099729/?ref_=adv_li_tt
Dances with Wolves,8.0,1990,Kevin Costner,Kevin Costner; Mary McDonnell; Graham Greene; Rodney A. Grant,181,/title/tt0099348/?ref_=adv_li_tt
Edward Scissorhands,7.9,1990,Tim Burton,Johnny Depp; Winona Ryder; Dianne Wiest; Anthony Michael Hall,105,/title/tt0099487/?ref_=adv_li_tt
Terminator 2: Judgment Day,8.6,1991,James Cameron,Arnold Schwarzenegger; Linda Hamilton; Edward Furlong; Robert Patrick,137,/title/tt0103064/?ref_=adv_li_tt
The Silence of the Lambs,8.6,1991,Jonathan Demme,Jodie Foster; Anthony Hopkins; Lawrence A. Bonney; Kasi Lemmons,118,/title/tt0102926/?ref_=adv_li_tt
Thalapathi,8.5,1991,Mani Ratnam,Rajinikanth; Mammootty; Shobana; Arvind Swami,157,/title/tt0101649/?ref_=adv_li_tt
Gu ling jie shao nian sha ren shi jian,8.3,1991,Edward Yang,Chang Chen; Lisa Yang; Kuo-Chu Chang; Elaine Jin,237,/title/tt0101985/?ref_=adv_li_tt
Raise the Red Lantern,8.1,1991,Yimou Zhang,Gong Li; Jingwu Ma; Saifei He; Cuifen Cao,125,/title/tt0101640/?ref_=adv_li_tt
Thevar Magan,8.7,1992,Bharathan,Kamal Haasan; Shivaji Ganesan; Nassar; Revathi,145,/title/tt0105575/?ref_=adv_li_tt
Reservoir Dogs,8.3,1992,Quentin Tarantino,Harvey Keitel; Tim Roth; Michael Madsen; Chris Penn,99,/title/tt0105236/?ref_=adv_li_tt
Mi nismo andjeli,8.3,1992,Srdjan Dragojevic,Nikola Kojo; Milena Pavlovic; Branka Katic; Srdjan 'Zika' Todorovic,98,/title/tt0104860/?ref_=adv_li_tt
Jo Jeeta Wohi Sikandar,8.2,1992,Mansoor Khan,Aamir Khan; Ayesha Jhulka; Deepak Tijori; Pooja Bedi,174,/title/tt0104561/?ref_=adv_li_tt
Unforgiven,8.2,1992,Clint Eastwood,Clint Eastwood; Gene Hackman; Morgan Freeman; Richard Harris,130,/title/tt0105695/?ref_=adv_li_tt
The Prince of Light,9.2,1993,"Ram Mohan, Yûgô Sakô, Koichi Saski",Bryan Cranston; Arun Govil; Nikhil Kapoor; Edie Mirman,97,/title/tt0259534/?ref_=adv_li_tt
The Prince of Light,9.2,1993,"Ram Mohan, Yûgô Sakô, Koichi Saski",Bryan Cranston; Arun Govil; Nikhil Kapoor; Edie Mirman,97,/title/tt0259534/?ref_=adv_li_tt
The Prince of Light,9.2,1993,"Ram Mohan, Yûgô Sakô, Koichi Saski",Bryan Cranston; Arun Govil; Nikhil Kapoor; Edie Mirman,97,/title/tt0259534/?ref_=adv_li_tt
The Prince of Light,9.2,1993,"Ram Mohan, Yûgô Sakô, Koichi Saski",Bryan Cranston; Arun Govil; Nikhil Kapoor; Edie Mirman,97,/title/tt0259534/?ref_=adv_li_tt
The Prince of Light,9.2,1993,"Ram Mohan, Yûgô Sakô, Koichi Saski",Bryan Cranston; Arun Govil; Nikhil Kapoor; Edie Mirman,97,/title/tt0259534/?ref_=adv_li_tt
The Shawshank Redemption,9.3,1994,Frank Darabont,Tim Robbins; Morgan Freeman; Bob Gunton; William Sadler,142,/title/tt0111161/?ref_=adv_li_tt
The Shawshank Redemption,9.3,1994,Frank Darabont,Tim Robbins; Morgan Freeman; Bob Gunton; William Sadler,142,/title/tt0111161/?ref_=adv_li_tt
The Shawshank Redemption,9.3,1994,Frank Darabont,Tim Robbins; Morgan Freeman; Bob Gunton; William Sadler,142,/title/tt0111161/?ref_=adv_li_tt
The Shawshank Redemption,9.3,1994,Frank Darabont,Tim Robbins; Morgan Freeman; Bob Gunton; William Sadler,142,/title/tt0111161/?ref_=adv_li_tt
The Shawshank Redemption,9.3,1994,Frank Darabont,Tim Robbins; Morgan Freeman; Bob Gunton; William Sadler,142,/title/tt0111161/?ref_=adv_li_tt
Spadikam,8.6,1995,Bhadran,Chippy; K.P.A.C. Lalitha; Thilakan; Urvashi,150,/title/tt0292246/?ref_=adv_li_tt
Seven,8.6,1995,David Fincher,Morgan Freeman; Brad Pitt; Kevin Spacey; Andrew Kevin Walker,127,/title/tt0114369/?ref_=adv_li_tt
The Usual Suspects,8.5,1995,Bryan Singer,Kevin Spacey; Gabriel Byrne; Chazz Palminteri; Stephen Baldwin,106,/title/tt0114814/?ref_=adv_li_tt
Braveheart,8.4,1995,Mel Gibson,Mel Gibson; Sophie Marceau; Patrick McGoohan; Angus Macfadyen,178,/title/tt0112573/?ref_=adv_li_tt
Heat,8.3,1995,Michael Mann,Al Pacino; Robert De Niro; Val Kilmer; Jon Voight,170,/title/tt0113277/?ref_=adv_li_tt
Süt Kardesler,8.9,1996,Ertem Egilmez,Kemal Sunal; Sener Sen; Halit Akçatepe; Hale Soygazi,80,/title/tt0253779/?ref_=adv_li_tt
Süt Kardesler,8.9,1996,Ertem Egilmez,Kemal Sunal; Sener Sen; Halit Akçatepe; Hale Soygazi,80,/title/tt0253779/?ref_=adv_li_tt
Süt Kardesler,8.9,1996,Ertem Egilmez,Kemal Sunal; Sener Sen; Halit Akçatepe; Hale Soygazi,80,/title/tt0253779/?ref_=adv_li_tt
Süt Kardesler,8.9,1996,Ertem Egilmez,Kemal Sunal; Sener Sen; Halit Akçatepe; Hale Soygazi,80,/title/tt0253779/?ref_=adv_li_tt
Süt Kardesler,8.9,1996,Ertem Egilmez,Kemal Sunal; Sener Sen; Halit Akçatepe; Hale Soygazi,80,/title/tt0253779/?ref_=adv_li_tt
Het leven is mooi,8.6,1997,Roberto Benigni,Roberto Benigni; Nicoletta Braschi; Giorgio Cantarini; Giustino Durano,116,/title/tt0118799/?ref_=adv_li_tt
Princess Mononoke,8.4,1997,Hayao Miyazaki,Yôji Matsuda; Yuriko Ishida; Yûko Tanaka; Billy Crudup,134,/title/tt0119698/?ref_=adv_li_tt
Iruvar,8.4,1997,Mani Ratnam,Mohanlal; Aishwarya Rai Bachchan; Prakash Raj; Gautami,140,/title/tt0119385/?ref_=adv_li_tt
Good Will Hunting,8.3,1997,Gus Van Sant,Robin Williams; Matt Damon; Ben Affleck; Stellan Skarsgård,126,/title/tt0119217/?ref_=adv_li_tt
L.A. Confidential,8.2,1997,Curtis Hanson,Kevin Spacey; Russell Crowe; Guy Pearce; Kim Basinger,138,/title/tt0119488/?ref_=adv_li_tt
Lajanje na zvezde,8.7,1998,Zdravko Sotra,Dragan Micanovic; Natasa Tapuskovic; Nikola Simic; Velimir 'Bata' Zivojinovic,95,/title/tt0187231/?ref_=adv_li_tt
Lajanje na zvezde,8.7,1998,Zdravko Sotra,Dragan Micanovic; Natasa Tapuskovic; Nikola Simic; Velimir 'Bata' Zivojinovic,95,/title/tt0187231/?ref_=adv_li_tt
Lajanje na zvezde,8.7,1998,Zdravko Sotra,Dragan Micanovic; Natasa Tapuskovic; Nikola Simic; Velimir 'Bata' Zivojinovic,95,/title/tt0187231/?ref_=adv_li_tt
Lajanje na zvezde,8.7,1998,Zdravko Sotra,Dragan Micanovic; Natasa Tapuskovic; Nikola Simic; Velimir 'Bata' Zivojinovic,95,/title/tt0187231/?ref_=adv_li_tt
Lajanje na zvezde,8.7,1998,Zdravko Sotra,Dragan Micanovic; Natasa Tapuskovic; Nikola Simic; Velimir 'Bata' Zivojinovic,95,/title/tt0187231/?ref_=adv_li_tt
Fight Club,8.8,1999,David Fincher,Brad Pitt; Edward Norton; Meat Loaf; Zach Grenier,139,/title/tt0137523/?ref_=adv_li_tt
Fight Club,8.8,1999,David Fincher,Brad Pitt; Edward Norton; Meat Loaf; Zach Grenier,139,/title/tt0137523/?ref_=adv_li_tt
Fight Club,8.8,1999,David Fincher,Brad Pitt; Edward Norton; Meat Loaf; Zach Grenier,139,/title/tt0137523/?ref_=adv_li_tt
Fight Club,8.8,1999,David Fincher,Brad Pitt; Edward Norton; Meat Loaf; Zach Grenier,139,/title/tt0137523/?ref_=adv_li_tt
Fight Club,8.8,1999,David Fincher,Brad Pitt; Edward Norton; Meat Loaf; Zach Grenier,139,/title/tt0137523/?ref_=adv_li_tt
O Auto da Compadecida,8.6,2000,Guel Arraes,Matheus Nachtergaele; Selton Mello; Rogério Cardoso; Denise Fraga,104,/title/tt0271383/?ref_=adv_li_tt
Gladiator,8.5,2000,Ridley Scott,Russell Crowe; Joaquin Phoenix; Connie Nielsen; Oliver Reed,155,/title/tt0172495/?ref_=adv_li_tt
Memento,8.4,2000,Christopher Nolan,Guy Pearce; Carrie-Anne Moss; Joe Pantoliano; Mark Boone Junior,113,/title/tt0209144/?ref_=adv_li_tt
Requiem for a Dream,8.3,2000,Darren Aronofsky,Ellen Burstyn; Jared Leto; Jennifer Connelly; Marlon Wayans,102,/title/tt0180093/?ref_=adv_li_tt
Alai Payuthey,8.3,2000,Mani Ratnam,Madhavan; Shalini; Swarnamalya; V. Natarajan,156,/title/tt0242256/?ref_=adv_li_tt
The Lord of the Rings: The Fellowship of the Ring,8.8,2001,Peter Jackson,Elijah Wood; Ian McKellen; Orlando Bloom; Sean Bean,178,/title/tt0120737/?ref_=adv_li_tt
The Lord of the Rings: The Fellowship of the Ring,8.8,2001,Peter Jackson,Elijah Wood; Ian McKellen; Orlando Bloom; Sean Bean,178,/title/tt0120737/?ref_=adv_li_tt
The Lord of the Rings: The Fellowship of the Ring,8.8,2001,Peter Jackson,Elijah Wood; Ian McKellen; Orlando Bloom; Sean Bean,178,/title/tt0120737/?ref_=adv_li_tt
The Lord of the Rings: The Fellowship of the Ring,8.8,2001,Peter Jackson,Elijah Wood; Ian McKellen; Orlando Bloom; Sean Bean,178,/title/tt0120737/?ref_=adv_li_tt
The Lord of the Rings: The Fellowship of the Ring,8.8,2001,Peter Jackson,Elijah Wood; Ian McKellen; Orlando Bloom; Sean Bean,178,/title/tt0120737/?ref_=adv_li_tt
The Lord of the Rings: The Two Towers,8.8,2002,Peter Jackson,Elijah Wood; Ian McKellen; Viggo Mortensen; Orlando Bloom,179,/title/tt0167261/?ref_=adv_li_tt
The Lord of the Rings: The Two Towers,8.8,2002,Peter Jackson,Elijah Wood; Ian McKellen; Viggo Mortensen; Orlando Bloom,179,/title/tt0167261/?ref_=adv_li_tt
The Lord of the Rings: The Two Towers,8.8,2002,Peter Jackson,Elijah Wood; Ian McKellen; Viggo Mortensen; Orlando Bloom,179,/title/tt0167261/?ref_=adv_li_tt
The Lord of the Rings: The Two Towers,8.8,2002,Peter Jackson,Elijah Wood; Ian McKellen; Viggo Mortensen; Orlando Bloom,179,/title/tt0167261/?ref_=adv_li_tt
The Lord of the Rings: The Two Towers,8.8,2002,Peter Jackson,Elijah Wood; Ian McKellen; Viggo Mortensen; Orlando Bloom,179,/title/tt0167261/?ref_=adv_li_tt
The Lord of the Rings: The Return of the King,9.0,2003,Peter Jackson,Elijah Wood; Viggo Mortensen; Ian McKellen; Orlando Bloom,201,/title/tt0167260/?ref_=adv_li_tt
The Lord of the Rings: The Return of the King,9.0,2003,Peter Jackson,Elijah Wood; Viggo Mortensen; Ian McKellen; Orlando Bloom,201,/title/tt0167260/?ref_=adv_li_tt
The Lord of the Rings: The Return of the King,9.0,2003,Peter Jackson,Elijah Wood; Viggo Mortensen; Ian McKellen; Orlando Bloom,201,/title/tt0167260/?ref_=adv_li_tt
The Lord of the Rings: The Return of the King,9.0,2003,Peter Jackson,Elijah Wood; Viggo Mortensen; Ian McKellen; Orlando Bloom,201,/title/tt0167260/?ref_=adv_li_tt
The Lord of the Rings: The Return of the King,9.0,2003,Peter Jackson,Elijah Wood; Viggo Mortensen; Ian McKellen; Orlando Bloom,201,/title/tt0167260/?ref_=adv_li_tt
Marmoulak,8.5,2004,Kamal Tabrizi,Parviz Parastui; Bahram Ebrahimi; Shahrokh Foroutanian; Farideh Sepah Mansour,115,/title/tt0416960/?ref_=adv_li_tt
Black Friday,8.4,2004,Anurag Kashyap,Kay Kay Menon; Pawan Malhotra; Aditya Srivastav; Dibyendu Bhattacharya,143,/title/tt0400234/?ref_=adv_li_tt
Kad porastem bicu Kengur,8.4,2004,Radivoje Andric,Sergej Trifunovic; Marija Karan; Nebojsa Glogovac; Boris Milivojevic,92,/title/tt0383846/?ref_=adv_li_tt
Virumandi,8.4,2004,Kamal Haasan,Kamal Haasan; Abhirami; Pasupathy; Napolean,175,/title/tt0364647/?ref_=adv_li_tt
Eternal Sunshine of the Spotless Mind,8.3,2004,Michel Gondry,Jim Carrey; Kate Winslet; Tom Wilkinson; Gerry Robert Byrne,108,/title/tt0338013/?ref_=adv_li_tt
Graves End,8.7,2005,James Marlowe,Eric Roberts; Steven Williams; Daniel Roebuck; Valerie Mikita,90,/title/tt0419781/?ref_=adv_li_tt
Graves End,8.7,2005,James Marlowe,Eric Roberts; Steven Williams; Daniel Roebuck; Valerie Mikita,90,/title/tt0419781/?ref_=adv_li_tt
Graves End,8.7,2005,James Marlowe,Eric Roberts; Steven Williams; Daniel Roebuck; Valerie Mikita,90,/title/tt0419781/?ref_=adv_li_tt
Graves End,8.7,2005,James Marlowe,Eric Roberts; Steven Williams; Daniel Roebuck; Valerie Mikita,90,/title/tt0419781/?ref_=adv_li_tt
Graves End,8.7,2005,James Marlowe,Eric Roberts; Steven Williams; Daniel Roebuck; Valerie Mikita,90,/title/tt0419781/?ref_=adv_li_tt
Pudhu Pettai,8.5,2006,K. Selvaraghavan,Dhanush; Sneha; Sonia Agarwal; Azhagam Perumal,168,/title/tt0459516/?ref_=adv_li_tt
The Departed,8.5,2006,Martin Scorsese,Leonardo DiCaprio; Matt Damon; Jack Nicholson; Mark Wahlberg,151,/title/tt0407887/?ref_=adv_li_tt
The Prestige,8.5,2006,Christopher Nolan,Christian Bale; Hugh Jackman; Scarlett Johansson; Michael Caine,130,/title/tt0482571/?ref_=adv_li_tt
Das Leben der Anderen,8.4,2006,Florian Henckel von Donnersmarck,Ulrich Mühe; Martina Gedeck; Sebastian Koch; Ulrich Tukur,137,/title/tt0405094/?ref_=adv_li_tt
Khosla Ka Ghosla!,8.3,2006,"Dibakar Banerjee, Pravin E. Birje",Anupam Kher; Boman Irani; Parvin Dabas; Tara Sharma,135,/title/tt0466460/?ref_=adv_li_tt
Taare Zameen Par,8.4,2007,"Aamir Khan, Amole Gupte",Darsheel Safary; Aamir Khan; Tisca Chopra; Vipin Sharma,165,/title/tt0986264/?ref_=adv_li_tt
Khuda Kay Liye,8.3,2007,Shoaib Mansoor,Shaan Shahid; Fawad Khan; Iman Ali; Austin Marie Sayre,168,/title/tt1068956/?ref_=adv_li_tt
There Will Be Blood,8.2,2007,Paul Thomas Anderson,Daniel Day-Lewis; Paul Dano; Ciarán Hinds; Martin Stringer,158,/title/tt0469494/?ref_=adv_li_tt
No Country for Old Men,8.2,2007,"Ethan Coen, Joel Coen",Tommy Lee Jones; Javier Bardem; Josh Brolin; Woody Harrelson,122,/title/tt0477348/?ref_=adv_li_tt
Into the Wild,8.1,2007,Sean Penn,Emile Hirsch; Vince Vaughn; Catherine Keener; Marcia Gay Harden,148,/title/tt0758758/?ref_=adv_li_tt
The Dark Knight,9.0,2008,Christopher Nolan,Christian Bale; Heath Ledger; Aaron Eckhart; Michael Caine,152,/title/tt0468569/?ref_=adv_li_tt
The Dark Knight,9.0,2008,Christopher Nolan,Christian Bale; Heath Ledger; Aaron Eckhart; Michael Caine,152,/title/tt0468569/?ref_=adv_li_tt
The Dark Knight,9.0,2008,Christopher Nolan,Christian Bale; Heath Ledger; Aaron Eckhart; Michael Caine,152,/title/tt0468569/?ref_=adv_li_tt
The Dark Knight,9.0,2008,Christopher Nolan,Christian Bale; Heath Ledger; Aaron Eckhart; Michael Caine,152,/title/tt0468569/?ref_=adv_li_tt
The Dark Knight,9.0,2008,Christopher Nolan,Christian Bale; Heath Ledger; Aaron Eckhart; Michael Caine,152,/title/tt0468569/?ref_=adv_li_tt
Monpura,8.7,2009,"Md. Hafizur Rahman, Giasuddin Selim",Chanchal Chowdhury; Farhana Mili; Shirin Alam; Mohiuddin Bahar,136,/title/tt1621830/?ref_=adv_li_tt
Monpura,8.7,2009,"Md. Hafizur Rahman, Giasuddin Selim",Chanchal Chowdhury; Farhana Mili; Shirin Alam; Mohiuddin Bahar,136,/title/tt1621830/?ref_=adv_li_tt
Monpura,8.7,2009,"Md. Hafizur Rahman, Giasuddin Selim",Chanchal Chowdhury; Farhana Mili; Shirin Alam; Mohiuddin Bahar,136,/title/tt1621830/?ref_=adv_li_tt
Monpura,8.7,2009,"Md. Hafizur Rahman, Giasuddin Selim",Chanchal Chowdhury; Farhana Mili; Shirin Alam; Mohiuddin Bahar,136,/title/tt1621830/?ref_=adv_li_tt
Monpura,8.7,2009,"Md. Hafizur Rahman, Giasuddin Selim",Chanchal Chowdhury; Farhana Mili; Shirin Alam; Mohiuddin Bahar,136,/title/tt1621830/?ref_=adv_li_tt
Inception,8.8,2010,Christopher Nolan,Leonardo DiCaprio; Joseph Gordon-Levitt; Elliot Page; Ken Watanabe,148,/title/tt1375666/?ref_=adv_li_tt
Les Misérables in Concert: The 25th Anniversary,8.8,2010,"Nick Morris, Laurence Connor, James Powell",Alfie Boe; Norm Lewis; Matt Lucas; Jenny Galloway,178,/title/tt1754109/?ref_=adv_li_tt
Les Misérables in Concert: The 25th Anniversary,8.8,2010,"Nick Morris, Laurence Connor, James Powell",Alfie Boe; Norm Lewis; Matt Lucas; Jenny Galloway,178,/title/tt1754109/?ref_=adv_li_tt
Inception,8.8,2010,Christopher Nolan,Leonardo DiCaprio; Joseph Gordon-Levitt; Elliot Page; Ken Watanabe,148,/title/tt1375666/?ref_=adv_li_tt
Inception,8.8,2010,Christopher Nolan,Leonardo DiCaprio; Joseph Gordon-Levitt; Elliot Page; Ken Watanabe,148,/title/tt1375666/?ref_=adv_li_tt
The Phantom of the Opera at the Royal Albert Hall,8.8,2011,"Nick Morris, Laurence Connor",Ramin Karimloo; Sierra Boggess; Hadley Fraser; Wendy Ferguson,137,/title/tt2077886/?ref_=adv_li_tt
The Phantom of the Opera at the Royal Albert Hall,8.8,2011,"Nick Morris, Laurence Connor",Ramin Karimloo; Sierra Boggess; Hadley Fraser; Wendy Ferguson,137,/title/tt2077886/?ref_=adv_li_tt
Kill Bill: The Whole Bloody Affair,8.8,2011,Quentin Tarantino,Uma Thurman; Lucy Liu; Vivica A. Fox; Michael Madsen,247,/title/tt6019206/?ref_=adv_li_tt
The Phantom of the Opera at the Royal Albert Hall,8.8,2011,"Nick Morris, Laurence Connor",Ramin Karimloo; Sierra Boggess; Hadley Fraser; Wendy Ferguson,137,/title/tt2077886/?ref_=adv_li_tt
The Phantom of the Opera at the Royal Albert Hall,8.8,2011,"Nick Morris, Laurence Connor",Ramin Karimloo; Sierra Boggess; Hadley Fraser; Wendy Ferguson,137,/title/tt2077886/?ref_=adv_li_tt
Django Unchained,8.4,2012,Quentin Tarantino,Jamie Foxx; Christoph Waltz; Leonardo DiCaprio; Kerry Washington,165,/title/tt1853728/?ref_=adv_li_tt
The Dark Knight Rises,8.4,2012,Christopher Nolan,Christian Bale; Tom Hardy; Anne Hathaway; Gary Oldman,164,/title/tt1345836/?ref_=adv_li_tt
The Hunt,8.3,2012,Thomas Vinterberg,Mads Mikkelsen; Thomas Bo Larsen; Annika Wedderkopp; Lasse Fogelstrøm,115,/title/tt2106476/?ref_=adv_li_tt
Ustad Hotel,8.2,2012,Anwar Rasheed,Dulquer Salmaan; Thilakan; Siddique; Nithya Menen,151,/title/tt2218988/?ref_=adv_li_tt
Naduvula Konjam Pakkatha Kaanom,8.2,2012,Balaji Tharaneetharan,Vijay Sethupathi; Gayathrie; Bagavathi Perumal; Rajkumar,155,/title/tt2564144/?ref_=adv_li_tt
Soodhu Kavvum,8.3,2013,Nalan Kumarasamy,Vijay Sethupathi; Sanchita Shetty; Radha Ravi; M.S. Bhaskar,135,/title/tt2877108/?ref_=adv_li_tt
Drishyam,8.3,2013,Jeethu Joseph,Mohanlal; Meena; Asha Sharath; Ansiba,160,/title/tt3417422/?ref_=adv_li_tt
So-won,8.2,2013,Joon-ik Lee,Re Lee; Sol Kyung-gu; Uhm Ji-won; Kim Hae-sook,122,/title/tt3153634/?ref_=adv_li_tt
Bhaag Milkha Bhaag,8.2,2013,Rakeysh Omprakash Mehra,Farhan Akhtar; Japtej Singh; Divya Dutta; Pawan Malhotra,186,/title/tt2356180/?ref_=adv_li_tt
The Wolf of Wall Street,8.2,2013,Martin Scorsese,Leonardo DiCaprio; Jonah Hill; Margot Robbie; Matthew McConaughey,180,/title/tt0993846/?ref_=adv_li_tt
Interstellar,8.6,2014,Christopher Nolan,Matthew McConaughey; Anne Hathaway; Jessica Chastain; Mackenzie Foy,169,/title/tt0816692/?ref_=adv_li_tt
Whiplash,8.5,2014,Damien Chazelle,Miles Teller; J.K. Simmons; Melissa Benoist; Paul Reiser,106,/title/tt2582802/?ref_=adv_li_tt
Ulidavaru Kandanthe,8.4,2014,Rakshit Shetty,Rakshit Shetty; Rishab Shetty; Kishore Kumar G.; Achyuth Kumar,154,/title/tt3394420/?ref_=adv_li_tt
Bangalore Days,8.3,2014,Anjali Menon,Dulquer Salmaan; Nivin Pauly; Nazriya Nazim; Fahadh Faasil,171,/title/tt3668162/?ref_=adv_li_tt
Kaakkaa Muttai,8.3,2014,M. Manikandan,Ramesh Thilaganathan; J. Vignesh; Aishwarya Rajesh; Ramesh Thilak,91,/title/tt3973410/?ref_=adv_li_tt
Visaaranai,8.5,2015,Vetrimaaran,Dinesh; Samuthirakani; Anandhi; Murugadass,117,/title/tt4991384/?ref_=adv_li_tt
Thani Oruvan,8.4,2015,Mohan Raja,Jayam Ravi; Arvind Swami; Nayanthara; Nassar,160,/title/tt4987556/?ref_=adv_li_tt
Papanasam,8.4,2015,Jeethu Joseph,Kamal Haasan; Gautami; Nivetha Thomas; Esther Anil,179,/title/tt4429128/?ref_=adv_li_tt
Premam,8.3,2015,Alphonse Puthren,Nivin Pauly; Sai Pallavi; Madonna Sebastian; S.V. Krishna Shankar,156,/title/tt4679210/?ref_=adv_li_tt
Nil Battey Sannata,8.2,2015,Ashwiny Iyer Tiwari,Swara Bhaskar; Riya Shukla; Ratna Pathak Shah; Pankaj Tripathi,100,/title/tt5005684/?ref_=adv_li_tt
Oggatonama,9.0,2016,Tauquir Ahmed,Shahiduzzaman Selim; Ashraful Tushar; Mosharraf Karim; Nipun,100,/title/tt5510934/?ref_=adv_li_tt
Oggatonama,9.0,2016,Tauquir Ahmed,Shahiduzzaman Selim; Ashraful Tushar; Mosharraf Karim; Nipun,100,/title/tt5510934/?ref_=adv_li_tt
Aynabaji,9.0,2016,Amitabh Reza Chowdhury,Chanchal Chowdhury; Masuma Rahman Nabila; Partha Barua; Lutfur Rahman George,147,/title/tt5354160/?ref_=adv_li_tt
Oggatonama,9.0,2016,Tauquir Ahmed,Shahiduzzaman Selim; Ashraful Tushar; Mosharraf Karim; Nipun,100,/title/tt5510934/?ref_=adv_li_tt
Aynabaji,9.0,2016,Amitabh Reza Chowdhury,Chanchal Chowdhury; Masuma Rahman Nabila; Partha Barua; Lutfur Rahman George,147,/title/tt5354160/?ref_=adv_li_tt
Vikram Vedha,8.3,2017,"Gayatri, Pushkar, Gowtham Selvaraj",Madhavan; Vijay Sethupathi; Shraddha Srinath; Kathir,147,/title/tt6148156/?ref_=adv_li_tt
Ayla: The Daughter of War,8.3,2017,Can Ulkay,Çetin Tekindor; Ismail Hacioglu; Kyung-jin Lee; Kim Seol,125,/title/tt6316138/?ref_=adv_li_tt
Aloko Udapadi,8.3,2017,"Chathra Weeraman, Bharatha Hettiarachchi",Uddika Premarathna; Dilhani Ekanayake; Roshan Ravindra; Menaka Peiris,113,/title/tt5963218/?ref_=adv_li_tt
Theeran Adhigaaram Ondru,8.2,2017,H. Vinoth,Karthi; Rakul Preet Singh; Abhimanyu Singh; Bose Venkat,157,/title/tt7060460/?ref_=adv_li_tt
Baahubali 2: The Conclusion,8.2,2017,S.S. Rajamouli,Prabhas; Rana Daggubati; Anushka Shetty; Tamannaah Bhatia,167,/title/tt4849438/?ref_=adv_li_tt
C/o Kancharapalem,8.8,2018,Venkatesh Maha,Radha Bessy; Subba Rao Vepada; Praneeta Patnaik; Karthik Rathnam,152,/title/tt7391996/?ref_=adv_li_tt
C/o Kancharapalem,8.8,2018,Venkatesh Maha,Radha Bessy; Subba Rao Vepada; Praneeta Patnaik; Karthik Rathnam,152,/title/tt7391996/?ref_=adv_li_tt
C/o Kancharapalem,8.8,2018,Venkatesh Maha,Radha Bessy; Subba Rao Vepada; Praneeta Patnaik; Karthik Rathnam,152,/title/tt7391996/?ref_=adv_li_tt
C/o Kancharapalem,8.8,2018,Venkatesh Maha,Radha Bessy; Subba Rao Vepada; Praneeta Patnaik; Karthik Rathnam,152,/title/tt7391996/?ref_=adv_li_tt
C/o Kancharapalem,8.8,2018,Venkatesh Maha,Radha Bessy; Subba Rao Vepada; Praneeta Patnaik; Karthik Rathnam,152,/title/tt7391996/?ref_=adv_li_tt
Little Baby,8.5,2019,Shekhar S. Jha,Priyanshu Chatterjee; Gulnaz Siganporia; Shivani Mahajan; Ravi Khanna,105,/title/tt8569206/?ref_=adv_li_tt
Kaithi,8.5,2019,Lokesh Kanagaraj,Karthi; Narain; Arjun Das; George Maryan,145,/title/tt9900782/?ref_=adv_li_tt
Kumbalangi Nights,8.5,2019,Madhu C. Narayanan,Shane Nigam; Soubin Shahir; Fahadh Faasil; Sreenath Bhasi,135,/title/tt8413338/?ref_=adv_li_tt
Gisaengchung,8.5,2019,Bong Joon Ho,Song Kang-ho; Lee Sun-kyun; Cho Yeo-jeong; Choi Woo-sik,132,/title/tt6751668/?ref_=adv_li_tt
Jersey,8.5,2019,Gowtam Tinnanuri,Nani; Shraddha Srinath; Sathyaraj; Ronit Kamra,157,/title/tt8948790/?ref_=adv_li_tt
